166,Sylvia Phillis
339,Carina Roxanna
440,Monday Devon
393,Milford Elaine
869,Garnet Guillermo
471,Cassandra Ignacia
197,Murray Tomás
489,Jacinta Layla
799,Verity Mathew
251,Terance Mar
259,Patrocinia Malcom
464,Valentín Ximena
707,Bridgette Tiburcio
356,Osborne Otilia
406,Otilia Delano
123,Eneida Brennan
332,Zackary Trenton
743,Florencio Clotilde
176,Ariel Tamara
546,Miranda Pamelia
830,Fiona Garey
145,Verity Modesto
585,Marvel Terrell
479,Clarence Damon
801,Linden Herbert
915,January Sunday
598,Guadalupe Margaret
538,Apolinar Olive
789,Lisandro Agatha
139,Mayra Sampson
261,Omar Demetria
626,Hugh Laraine
216,Kip Delfina
229,Godofredo Dutch
983,Bevan Jarod
604,Ellery Luján
357,Paulina Valorie
120,Milford Lamar
805,Fern Valeria
567,Mildred Paula
665,Bernabé Mercy
613,Ely Lindsay
838,Una Kerry
951,Misti Valerio
703,Nikole Norman
242,Melanie Edith
810,Arlen Libertad
722,Nola Virginia
204,Ward Brice
649,Cristopher Xavier